,tweets,FinalScore
0,Tech Talk Guru Craig Peterson breaks down more barriers to a bright future of next generation nuclear power. https://t.co/nEg4rVBgHJ,1
1,RT @JayinKyiv: The exact narrative you'd expect Russia to put out if they were about to blow up a Ukrainian nuclear power plant to then bla????????Ã¢ÂÂ¬???????,0
2,"Remember when Biden and the demonrats shut down pipelines, drilling, exploration, coal ,gas and nuclear power plants ? They're setting up the infrastructure for failure and planning to blame conservatives when they shut it ????",2
3,"#Constitution Can anyone explain how it's constitutional for the president to have a nuclear button?

The power supposedly resides with Congress. If they want to move it to the executive branch they need to have specific rules where the president is simply a last check.",0
4,@DaveyBiden2024 @Socialistdemmo Use the open land to make thousands of nuclear power plants,0
5,"???????? Rosatom offers ???????? India small-sized nuclear power plant (SNPP) project   

????Russia????????Ã¢ÂÂ¬???????s nuclear energy corporation plans to submit a preliminary design for such a plant by the end of this year, the company said.

Subscribe to @sputniknewsindia https://t.co/sqnMtYOfJs",0
6,"RT @MonicaM444: Employees of the ZNPP have been abused long enough. Some that were ex military of ????????, or that showed a Pro-Ukrainian stance????????Ã¢ÂÂ¬???????",2
7,RT @JayinKyiv: Russian state media just put out the exact narrative you'd expect them to put out if they were going to blow up a nuclear po????????Ã¢ÂÂ¬???????,2
8,"RT @Prolotario1: Cyber Attack 

Power Grid 

Mass Shootings

Virus

Nuclear Attack 

Border Invasion 

UFO Invasion 

I told you all they w????????Ã¢ÂÂ¬???????",0
9,"@MriyaReport Hun Sen is threatening Asian countries that Cambodia is also producing nuclear energy, he has announced three times. https://t.co/ZE0qe86Z8T",2
10,"@tonyannett You might want to double-check what you cite. Austria  gets 65% of their power from hydro (https://t.co/C2r6WaSbsI). Sweden as I said in our dialogue gets 74% from hydro/nuclear. The majority of Portugal's energy relies on coal, gas, and hydro. There's a transition, not rapid.",0
11,@RachelReevesMP @rodrikdani @GeorgeDibb Low density renewable energy is sufficient for domestic electricity but we would require a fleet of nuclear power stations if we want to sufficiently power commercial electricity.,0
12,"@mikoske This is why we need industrial scale energy storage solutions.
Lowering nuclear output is very sub-optimal way of solving the energy flood.",1
13,"Jared Huffman (D-CA), who is going to vote against the debt ceiling bill because of one pipeline in West Virginia, in 2014 offered an amendment to reduce funding for nuclear energy research. 
https://t.co/S2VVa2zmPn https://t.co/TLMeo5lxmf https://t.co/GUBtJnpPYC",0
14,RT @MikeHudema: France is requiring all 80 stall+ parking lots ????????Ã¢ÂÂ¬??????? both existing and new ????????Ã¢ÂÂ¬??????? to be covered by solar panels. That would add 10 n????????Ã¢ÂÂ¬???????,0
15,@Cornish_Rebel @ox_anna29 Plus they never factor in decommissioning in the costing let future generations worry about that ? We are best placed in EU for renewable energy the severn estuary tidal lagoon project for example Tidal systems could be huge with similar level of investment to Nuclear,1
16,"RT @Marian_L_Tupy: Finnish electricity price drops BELOW ZERO after the latest nuclear reactor is switched on.

That is what the world coul????????Ã¢ÂÂ¬???????",2
17,@2closetocall That????????Ã¢ÂÂ¬???????s at least one  full scale nuclear plant or multiple modular plants that could have been built to improve our energy grid. Volpe is doing amazing job chasing his lobby checks with bs math. Best part this plant was going to be built ex subsidies until VW.,1
18,"RT @johncarlbaker: ""It is shocking that the Energy Department, without even notifying the public, would undermine a decades-old, bipartisan????????Ã¢ÂÂ¬???????",2
19,"@MQMFLORIDA1   @azizabadi 
The Baloch speakers vehemently denounced Pakistan's nuclear testing in Balochistan and said that the Changhai region of Balochistan is currently experiencing the impacts of radiation as a result.#NukeAftermathInBalochistan #BalochistanIsNotALaboratory https://t.co/eOea4KggQx",0
20,"@gaborgurbacs @stats_feed It's regulated to death
In the UK.
Two possible sites have been rejected because the background natural radiation is twice the allowable levels of normal nuclear power generation.
In the meantime Scotland is paying the world's highest electricity prices
100% renewable.",2
21,"When someone says you get more radiation from jet travel than from a nuclear power plant, they are telling such a half truth that they are essentially deceiving you. 

The radioactive concern with nuclear power comes from radioactive particles released into the environment at????????Ã¢ÂÂ¬??????? https://t.co/oMLPrqX8lX",2
22,"@RebeccaAVelo A nuclear bomb vs. Marxist govt:
Both ensure an equitable world with shared rights and a common standard of living.

One has radiation, the other doesn't.
Otherwise they're essentially indistinguishable.",0
23,"When someone says you get more radiation from jet travel than from a nuclear power plant, they are telling such a half truth that they are essentially deceiving you. 

The radioactive concern with nuclear power comes from radioactive particles released into the environment at????????Ã¢ÂÂ¬??????? https://t.co/OONUrtjJGm",2
24,"@MerrillLegacy @MatthewWielicki @dorfman_p What actually happens is that living in Denver or flying exposes a person to far more radiation than does a nuclear power plant. Or, maybe driving on roads where water from fracking is dumped. https://t.co/WcGDt40NE7
https://t.co/T4FQikhb7y",2
25,@VenDetta_9800 @onlydjole your country will survive the nuclear winter radiation and you with it stupid man...the end of the world,2
26,"@ADogInASuit @ConspiracyBull1 @WarClandestine Celebrities and major corporations and a major media talking point is that one shouldnt live inside a nuclear reactor exposed to constant radiation

so do it",2
27,Joshua Luoma was awarded the DOE National Nuclear Security Administration Laboratory Residency Graduate Fellowship for his proposal on structured laser targets for advanced radiation sources.   https://t.co/tZNZfYcXho,1
28,"""The French detonated 17 nuclear bombs in Algeria beginning in 1960. The impact of that radiation continues today; radioactive dust still emanates from the Sahara, from those nuclear bombs, whose effects are absolutely indelible.""

https://t.co/2iZNmBxw90",1
29,my cat looks like she's been exposed to at least 300 hours of nuclear radiation and then maybe rat poison,2
30,"RT @WINS_org: Almost every industry today uses radiation in some way.  To benefit from these peaceful, productive uses, radioactive sources????????Ã¢ÂÂ¬???????",1
31,"RT @JunkScience: If you want to see just how badly you've been lied to about radiation and cancer risk, invest 10 hours to watch this mind-????????Ã¢ÂÂ¬???????",2
32,"RT @Cecalli_Helper: ""The nuclear radiation exposed the people of #Balochistan to several chronic diseases.  Many children were born with #d????????Ã¢ÂÂ¬???????",2
33,@billybreathes @carlosahued @ylecun ????????Ã¢ÂÂ¬???????The only reason we won????????Ã¢ÂÂ¬???????t let everyone build nuclear reactors is because NukeCorp wants all the profits.????????Ã¢ÂÂ¬??????? - some guy who died from radiation,2
34,"Oliver Stone????????Ã¢ÂÂ¬???????s ????????Ã¢ÂÂ¬???????Nuclear Now????????Ã¢ÂÂ¬??????? documents the safety of neckwear energy. Did you know that no one died in the Fukushima melt down, nor the Three mile island melt down? Minimum radiation too.",0
35,"RT @SergiyKyslytsya: Moscow is preparing a large-scale provocation to create a center of radiation danger, according to @DI_Ukraine  In the????????Ã¢ÂÂ¬???????",2
36,Nuclear radiation in the deep blue sea https://t.co/syCo75f9Ac,0
37,"@Sarmad2200 Yep, in 1986, one of the reactors at the nuclear power plant at Chernobyl, Ukraine, went out of control during a test at low-power, leading to an explosion and fire that demolished the reactor building and released large amounts of radiation. Watch Chernobyl pls, gorg show!!",1
38,@davidicke When comes the mRNA vaccine against nuclear radiation? And another one against global warming as well. Maybe they will find 2-3 fool's who are willing to take it ????,1
39,@HughBramlett Please educate yourself on nuclear winter it has nothing to do with radiation,0
40,"@MasteroftheTDS didn't they try this with the last airbender movie? THAT was a train wreck

this is more like a train wreck that crashes into a nuclear plant that results in a radiation explosion that results in millions of casualties",2
41,"RT @TravisVoltaire: ???? ???? ???? Discover Fallout Shelter Options in ""Nuclear War Survival Skills"" by Cresson H. Kearny. From expedient to undergr????????Ã¢ÂÂ¬???????",0
42,"@BenjaminLeder @onlydjole Your ignorance is outstanding, sit there and joke whilst your leaders hide in bunkers and leave you as a sitting duck come the radiation from any spark which leads to a nuclear strike...",1
43,"RT @cqcqcqdx: The Conelrad system, also known as the Control of Electromagnetic Radiation, was a national emergency system used in the Unit????????Ã¢ÂÂ¬???????",0
44,RT @minigolfgarfiel: so why the hell is this abandoned mall related to some kind of radiation/nuclear situation and why is Showfall Media f????????Ã¢ÂÂ¬???????,2
45,"@maddinhh1983 @BosMargit @AndreasThimm @Perowinger94 You are aware that radiation levels around a coal/lignite plant are higher than around a nuclear plant, because of radioactive trace elements (like radium) that are present in the coal and just go up the smoke stack after the coal has been burned?",1
46,"RT @SusannaLeeRad: Now applications for #CTMW.  Scientists in radiology, radiation oncology, and nuclear medicine seeking guidance on study????????Ã¢ÂÂ¬???????",0
47,"RT @aerospacecap: 3 ??Monitor?? satellites are integrated and are ready for the launch! 

Satellites of the Research Institute of Nuclear Phy????????Ã¢ÂÂ¬???????",1
48,"RT @dan_grey: Japan, like France, has no fossil fuels. It too turned to nuclear, but unlike France, one of their plants exploded. ""Luckily""????????Ã¢ÂÂ¬???????",0
49,"Japan, like France, has no fossil fuels. It too turned to nuclear, but unlike France, one of their plants exploded. ""Luckily"" the radiation went into the Pacific.

Nuclear in Japan is being rehabilitated increasingly quickly, leading to lower LNG demand, pushing gas prices down. https://t.co/QNUkPVSbGw",1
50,Im hoping he misspoke but Oliver stone who made a nuclear energy documentary just said MRI is one of the most severe radiation you can get on @joerogan,2
51,RT @FreeBaluchMovt: FBM is organizing a protest at Dam Square in the Netherlands on 28th May at 3 PM to raise awareness about the Pakistani????????Ã¢ÂÂ¬???????,0
52,@Call_Her_BJ @NavyVeteranWife No. I don????????Ã¢ÂÂ¬???????t need to hear a woman talk about the power of angels to dispel nuclear radiation. She isn????????Ã¢ÂÂ¬???????t grounded in physical consensual reality. Fox platforms her because she makes democrats look loony and detached from reality.,2
53,RT @minigolfgarfiel: putting this out there before the genloss finale tomorrow: There????????Ã¢ÂÂ¬???????s a sign stating they are in a nuclear fallout shelte????????Ã¢ÂÂ¬???????,0
54,"International  Atomic Energy Agency ( IAEA ) (Austria)

Nuclear regulatory Commission ( NRC) (USA)

Radiation Protection Department ( RPD) (Kuwait)",0
55,@cirnosad Alot of Americans no longer think rationally and honestly believe nuclear blasts and radiation won????????Ã¢ÂÂ¬???????t hurt them.,2
56,"RT @dorfman_p: Nuclear on an earthquake zone ...

Accidents are, by definition, accidental.

Radiation insult causes host of long-term heal????????Ã¢ÂÂ¬???????",2
57,"@GinandJetfuel @JulianMalins @Spriter99880 Once NATO setd up base and signs in Ukraine, Russian threat perception is multifold. As for nuclear...I read on Twitter about radiation from some stocks sent from a friendly European country. ISS that true?",0
58,RT @SussyMyon: Why does this bird look like it????????Ã¢ÂÂ¬???????s about to emit nuclear radiation and throw suns into my face,0
59,"RT @Marieaaow: @yasminalombaert ????????????Ã¢ÂÂ¬???????The bunker should also provide protection against radiation.????????Ã¢ÂÂ¬???????
Those filters can????????Ã¢ÂÂ¬???????t filter radiation .
So h????????Ã¢ÂÂ¬???????",0
60,"When someone says you get more radiation from jet travel than from a nuclear power plant, they are telling such a half truth that they are essentially deceiving you. 

The radioactive concern with nuclear power comes from radioactive particles released into the environment at????????Ã¢ÂÂ¬??????? https://t.co/kEXzprmdlZ",2
61,"RT @LindaL83490762: @alfienoakes63 I think the ""nuclear war is survivable"" meme must have originated in America where war is far away. I ca????????Ã¢ÂÂ¬???????",2
62,"@alfienoakes63 I think the ""nuclear war is survivable"" meme must have originated in America where war is far away. I can't imagine limited nuclear war between 2 nuclear powers. If you launch 1, you might as well launch the lot &amp; I'd rather go straight away than face radiation &amp; nuclear winter.",2
63,FSB reported on prevented sabotage at two nuclear power facilities - the Leningrad and Kalinin nuclear power plants. The saboteurs planned to undermine power transmission towers. Both are Ukrainian citizens ( 2 other accomplices were also detained). https://t.co/uhlBtUlV1I,2
64,"RT @harryhorrorshow: TONIGHT 8PM EST/ 5PM PST

It????????Ã¢ÂÂ¬???????s one of the worst nuclear disasters in history????????Ã¢ÂÂ¬???????and a name that sits in infamy????????Ã¢ÂÂ¬???????

CHERNOBY????????Ã¢ÂÂ¬???????",2
65,"This is a potential humanitarian and environmental crisis on a massive scale - and it will be worse if this impacts the nuclear plants that relies on the reservoir water for cooling.
#Ukraine??? #Russia #War https://t.co/kH5W7rroW3",2
66,"RT @FromSteveHowell: Zelensky had better watch his back...

The US is now pointing its finger at Ukraine for the blowing up the Nord Stream????????Ã¢ÂÂ¬???????",1
67,@Jerusalem_Post FSB reported on prevented sabotage at two nuclear power facilities - the Leningrad and Kalinin nuclear power plants. The saboteurs planned to undermine power transmission towers. Both are Ukrainian citizens ( 2 other accomplices were also detained). https://t.co/DcjC7mC0BB,2
68,"@spy_hunter_ 'It's safe', let's not play word games. The point is not the frequency of nuclear accidents, it is the unhinged scale of disaster (potentially continent-wide) when things do go wrong, which escalates in probability with every proliferation of plants.",2
69,"RT @Kanthan2030: After losing Bakhmut, Ukraine????????Ã¢ÂÂ¬???????s military has no ????????Ã¢ÂÂ¬???????spring counteroffensive????????Ã¢ÂÂ¬??????? that the Western governments promised.

Thus, th????????Ã¢ÂÂ¬???????",2
70,RT @GicAriana: Is the West waiting for Russia to blow up nuclear power plants across Ukraine simultaneously before we give Ukraine the gree????????Ã¢ÂÂ¬???????,0
71,"@AubreyGilleran @thefactualprep 1) We, mostly Democrats at best reluctant to take advantage of many of our potential energy resources, including nuclear.

2) It????????Ã¢ÂÂ¬???????s a global market and energy prices heavily dependent on what happens in the Gulf, even if  we become completely energy independent.",1
72,"""And way back in March of 2022, I looked at the various ways Russia could use its tactical nuclear weapons in an attempt to win a decisive advantage in Ukraine."" https://t.co/d0Ytp7aEJ0",1
73,"@BrianJo78940026 @CCRFInc Collecting Craft to reverse engineer. 
Making Alliances with Off and In (under) World Intelligences trading Humans for DNA manipulation and getting advanced technology for a Military Advantage.  
Securing the Fear of our Atomic and Nuclear Weapons against formidable Entities.",1
74,"Please????????Ã¢ÂÂ¬???????everyone in this world know that the nuclear wastewater in Japan cannot be discharged, we know the consequences of doing this. If they take advantage of legal loopholes, then change it!!!!! I know this sounds silly, but we cannot just watch this happen!!!!",2
75,"RT @djuric_zlatko: The dam exploded...

By whom? 
The Ukrainian side.

Why? 
Because they have an advantage in this situation.

What is it?????????Ã¢ÂÂ¬???????",0
76,@Penyrheolgerrig @visegrad24 ...the obvious advantage is to ukraine of this attack on the dam...why would russia put itself in danger from flooding and possible nuclear meltdown?...why?...what do you base your presumption that russia 'did it' on?...i and the world know russia didn't do this or nordstream...,2
77,"So if you care about climate, the Green Party is ironically the last party you should vote for. Even Tories recognize the need for nuclear. In the UK at least. Did you know that the Finnish Greens have dropped their opposition to nuclear? Be more like the Finnish Greens, Caroline",0
78,"@TheGreenParty If you are serious about climate action, join the #nuclear bandwagon 

https://t.co/aH4Xxiu9uN",0
79,@BDliveSA There????????Ã¢ÂÂ¬???????s difference between ????????Ã¢ÂÂ¬???????climate change activists????????Ã¢ÂÂ¬??????? and ????????Ã¢ÂÂ¬???????anti-nuclear lobbyists????????Ã¢ÂÂ¬???????.,0
80,@ThuleanGamer We should make nuclear winter to help with climate change,0
81,"Well said @carla_denyer ""#renewables is simply the way forward. Nuclear is not going to help us out in this climate emergency...the trouble with nuclear energy is that it's incredibly slow &amp; incredibly expensive....""
#SayNo2SizewellC https://t.co/5mDt0YkqFU",2
82,"@JohnMcC61971366 @SabbySabs2 Climate change is equally as important as nuclear war. They are on par.

Again, that was just your one opinion on the Greens.",0
83,"RT @LouisvilleGun: You don't actually care about the climate with your ""green energy"" if you aren't promoting nuclear power. https://t.co/l????????Ã¢ÂÂ¬???????",2
84,"@ScottAdamsSays @whitewalker420 His response to nuclear energy is terrible. The same problem with climate extremism is the same problem with the vaccine. ONE DICTATED SOLUTION is not the answer. We need ""all of the above"" solutions.",2
85,Hey @AlboMP: thanks for committing to support climate-vulnerable countries. Will you put those words into action at the June Paris Summit? Australia's fair share of the $100bn climate pledge is equal to just one nuclear submarine. Your action is needed to #PowerOurPlanet!,1
86,"@regisg @45BillionCrypto @StakeWithPride On a long time horizon yes, climate change will affect significantly water availability. This is why we need to innovate fast. Cutting oil before we????????Ã¢ÂÂ¬???????re ready will ensure we never get there.

I????????Ã¢ÂÂ¬???????d love to see a net creation of new nuclear plants, not empty promises.",1
87,"@TonyClimate True, RFK jr. is a good man, IMO, but he is anti-nuclear, believes that wind and solar will provide all the energy we need, and that climate change is a major crisis.",0
88,"Climate change? Time to get serious about nuclear, thorium, and solar, and phase out CO2 emissions. Arsons? Public execution (sorry)",2
89,"RT @dorfman_p: Nuclear power????????Ã¢ÂÂ¬???????s baseload concept ????????Ã¢ÂÂ¬???????a load of cobblers????????Ã¢ÂÂ¬???????. 

#nuclear #nuclearenergy #ClimateScam #climate 
https://t.co/Vezqbhl????????Ã¢ÂÂ¬???????",0
90,"RT @dorfman_p: Nuclear: 'lying is the new black.'

#nuclear #climate #ClimateScam  https://t.co/6cGuh9lItM via @BeyondNukesInt",0
91,"@lesiavasylenko While Russia committed war crimes, I'm not sure destroying a dam will lead to rising temperatures and climate change itself, unless the Zaporizhzhia Nuclear Plant is impacted",2
92,"@GretaThunberg Hey, how do you think, the dam disruption in Ukraine caused by Russia today, will it affect climate? Russia left big nuclear power plant  without cooling.
#RussiaIsATerroristState 

https://t.co/ER6KcTXQCi",2
93,"RT @dorfman_p: UK Govt says renewables ????????Ã¢ÂÂ¬???????cannot ensure security of supply????????Ã¢ÂÂ¬??????? ????????Ã¢ÂÂ¬??????? they're wrong ! 

#Renewables #solar #windpower #energy #nuclea????????Ã¢ÂÂ¬???????",2
94,"Greens are weird, aren't they?

In the battle against fossil fuel interests and climate denialism, their chosen battle is - and has been for decades - against nuclear.

Germany - no nuclear, but really high emissions.

France - loads of nuclear, and much lower emissions.

????????????Ã¢ÂÂ¬?????????????",2
95,"@nickhedley Nick the renewable ambassador, UN should hire Nick for this course is very passionate and he hates coal and nuclear.",0
96,"Might be time to consider moving towards Renewable????????Ã¢ÂÂ¬???????s.????????????

Wind Solar Water WSW and Storage which doesn????????Ã¢ÂÂ¬???????t create 

?????? Nuclear Waste which is the ultimate pollution.?????? https://t.co/evYMiM7XLe",2
97,"@itslukechen @historyinmemes They take quite a bit of oil/gas, they use wind which is a renewable energy but they aren????????Ã¢ÂÂ¬???????t as good as something like hydroelectricity or Nuclear energy",1
98,"@dankguyjeff @TypeForVictory How is 'order it 10 years ago' 'ready to go', but somehow nuclear takes.too long to be an option? Also I'm pretty sure your numbers are wrong but if not then installing enough renewable to provide for less than 1% of the UK's electricity demand isn't very impressive.",2
99,"RT @realKunalAShah: @Jkylebass You can also see the surreal expansion in nuclear, and renewable capacity - it????????Ã¢ÂÂ¬???????s unprecedented and it????????Ã¢ÂÂ¬???????s all????????Ã¢ÂÂ¬???????",0
100,"???????????????????????? ""Germany leads an 11-EU member states statement saying that the Swedish EU presidency should stop listening to France, who is blocking the renewable energy directive due to the absence of support for nuclear energy in it."" @POLITICOEurope",2
101,"@breadandposes Again, I'm not really interested in the nuclear v. renewable 'debate' but this seems like an odd argument when one of the few positive trends at the moment is the incredibly fast growth of renewables https://t.co/5BaGrzhWy0",0
102,"RT @SiOldridge: @dorfman_p Yes, baseload is just completely the wrong concept. The science shows we can get to a 100% renewable power syste????????Ã¢ÂÂ¬???????",2
103,@TheRapistGroper Environmentalists will sooner create renewable rupe goldberg machines than acknowledge nuclear energy as a renewable energy source,0
104,"@AlexEpstein The irony!  What did Texas, an oil &amp; gas rich state, invest in to expand their electricity grid?  More fossil fuel power plants?  More nuclear plants?  Nope.  Wind and solar power, because it's cheaper!

https://t.co/S3mLOTfSLv

https://t.co/hQufmWkfJN

https://t.co/KcagpgDuvM",1
105,"@acranberg @bmbrigham @AlexEpstein @heik_energy Plus, wind and solar power supported the Texas ERCOT grid during a recent Global Warming Driven heat wave that swamped existing fossil fuel &amp; nuclear power suppliers!

https://t.co/mn2049vLiM",0
106,"5. The financial and technological resources allocated to nuclear weapons could be better utilized to address urgent global issues such as poverty, hunger, access to clean water, and renewable energy.",0
107,"@nickhedley The day that these incompetent assholes stop trying to cut a personal deal for every single power deal, is the day that renewable energy will see the light of day. There is no problem using a mix of all types of power, because sun, wind, water and Nuclear have benefits.",2
108,@Keir_Starmer Nuclear power is not renewable and the waste is dangerous for thousands of years.,2
109,"RT @SayNo2SizewellC: ""History will remember those who stubbornly continued to promote nuclear power as a cabal who jammed a rusty radioacti????????Ã¢ÂÂ¬???????",2
110,"@CarolineLucas @RichardJMurphy Those are valid criticisms, but we need a solid baseline power supply that can underpin the vagaries  of wind and solar output. Nuclear has been grossly under developed, due to fear mongering and unfair risk aversion. Baseline nuclear and majority renewable seems sensible.",2
111,"""History will remember those who stubbornly continued to promote nuclear power as a cabal who jammed a rusty radioactive spoke into the renewable energy wheel &amp; called it a tune-up To deliberately impede and delay progress at a time of climate crisis...1/2 https://t.co/bn5Q3wtDky",2
112,"@Jord12115084 Depends on how you scope it of course ???? Both hydro and nuclear are green (no direct emissions) but are often not included in the ""renewable"" or ""green"" category, while biomass, which has horrible emissions, is ????????????Ã¢ÂÂ¬?????????????",2
113,"@nuclearzak Let's make a larger generalization - renewable energy sources are not designed to produce energy on demand.
They need help.
Why do so many RE advocates push back so hard when nuclear advocates say we can help?",1
114,"@kevindkillough 1/ There are many, many ways the numbers are gamed.  True first cost and install #'s, maintenance cost, running the real grid (gas, nuclear, coal) extremely in efficiently, the cost of which should be borne by renewable sector; having to put $B's into synch condensers",1
115,"RT @MuffiWilliam: Wind Solar Water and Storage are the safest path forward.????????

?????? Nuclear Waste and accidents are so dangerous to the local????????Ã¢ÂÂ¬???????",2
116,"RT @Keir_Starmer: With Labour, home-grown renewable and nuclear energy will drive growth across Britain.

Labour????????Ã¢ÂÂ¬???????s plan will boost energy s????????Ã¢ÂÂ¬???????",1
117,@wombat_ee @TheArisen01 Renewables are a misallocation of resources. Net zero will require almost 100% nuclear backup of renewable capacity. If so why waste time and money on renewables? Personally I think net zero is stupid but that's another argument.,2
118,"Doing a full year long course on Renewable Energies,
I will just be missing the nuclear experience at this point",0
119,"RT @TheGreenParty: ???? ""Nuclear is not going to help us out in this climate emergency.""

@carla_denyer speaks to the BBC about the need to in????????Ã¢ÂÂ¬???????",0
120,"RT @Leigh_Phillips: Let????????Ã¢ÂÂ¬???????s look at the results: (the greener, the less carbon intensive the grid; the browner the opposite) All those green????????Ã¢ÂÂ¬???????",0
121,"RT @TVAnews: The Watts Bar Nuclear Plant team wrapped up their unit 1 spring outage last month, completing 11,000 work activities! This har????????Ã¢ÂÂ¬???????",0
122,"Let????????Ã¢ÂÂ¬???????s look at the results: (the greener, the less carbon intensive the grid; the browner the opposite) All those green bits primarily depend upon hydro, nuclear or some combination of the two (yes, including DK, which piggybacks off others????????Ã¢ÂÂ¬??????? firm supply) https://t.co/rQoJxqMBFY https://t.co/UVbiiOtC8l",0
123,"RT @Leigh_Phillips: This is actually a rare Starmer win.

The truth is that France????????Ã¢ÂÂ¬???????s publicly built nuclear fleet (1979-88) experienced the????????Ã¢ÂÂ¬???????",1
124,"Hey hey, pssst! Want to know how to get safe, reliable, and zero carbon emissions power and steam production? Check out this article on Dow's Seadrift location being selected for the X-Energy Advanced SMR Nuclear Project. Click the link for all the deets: https://t.co/PfLE4jt9nV""",1
125,RT @Stphn_42: @TheGreenParty @carla_denyer My opinion of Carla Denyer is falling. Opposing low carbon energy in a climate emergency is bad????????Ã¢ÂÂ¬???????,2
126,RT @AbidaRafiqueAni: Will commercial ships go nuclear in the near future? Interest is growing in using new reactor #technologies  to scale????????Ã¢ÂÂ¬???????,0
127,"Will commercial ships go nuclear in the near future? Interest is growing in using new reactor #technologies  to scale back the maritime industry????????Ã¢ÂÂ¬???????s carbon footprint.
@zohaib24hdj @AsmaKhawaja5 @DrMFaisal @zafar_jaspal @SalmanAneel @adilsultan @CIMSEC @ForeignOfficePk https://t.co/XSTGjqPoDb",0
128,"The ""additionality"" principle requires that new, carbon-free sources be used to power H2 generation facilities.  (Note:  nuclear plant power uprates would qualify as new generation.)  4/16",0
129,"To keep global warming below 2 degrees by 2050, at least 80% of global electricity generation must be shifted to these low carbon sources (Source: IEA). Are you surprised nuclear energy has the lowest lifecycle emissions? https://t.co/m6ozSEvNz7",0
130,"@adrianeaux I don't know of anyone who says 100% nuclear. What I meant to say that ""And no, I don't think post-carbon energy sources should be exclusively nuclear"" as opposed to ""nuclear above everything else""",0
131,"in the meantime..

""Worldwide we need to double the amount of nuclear capacity, possibly  even triple it by 2050 in order to meet our net-zero carbon goals,????????Ã¢ÂÂ¬??????? U.S.  Assistant Secretary of Energy Kathryn Huff said"" 

https://t.co/v6uqeVhydL",0
132,"@MarvolianJoe @TheGreenParty @carla_denyer The definition of green hydrogen is flawed, green hydrogen is produced by electrolysis using renewable energy only (renewable energy is not carbon neutral). So hydrogen produced using nuclear is not green hydrogen. You do realise blue MUST use carbon capture to offset production.",2
133,@dorfman_p @historyscoper Most of the comments in the article are so wrong that I have to wonder if this is satire. Baseload is a very well understood concept among utilities. The article also provides no facts and is risible. Nuclear is really the best way to reduce carbon emissions.,2
134,"""It is our responsibility to the world to produce carbon-free power, to reduce emissions."" - Julia Sharma, P.E. Nuclear Safety Analyst at @xenergynuclear.
Learn more about X-Energy's mission to meet the world's energy demands with advanced nuclear below ?????? https://t.co/DoB9JXn4bf",1
135,@TomStDenis2 @calgarysun Except Quebec. I would like to know where this carbon tax is going as well. Nuclear seems to be the only option for a lot of provinces. Is this socialist government going to pay for those?,0
136,"RT @Stphn_42: @carla_denyer I expected better from you. 

You claim that ""nuclear energy is 8-11x more carbon intensive than renewables.""????????Ã¢ÂÂ¬???????",1
137,"RT @RJBono18: @carla_denyer Wind and solar are not the ????????Ã¢ÂÂ¬???????solution????????Ã¢ÂÂ¬???????. Germany has invested 500B in RE, yet yesterday their carbon intensity wa????????Ã¢ÂÂ¬???????",0
138,@Scipio4fricanus @TheArisen01 People aren't onboard with a big nuclear buildout yet. I'd rather wind and solar be built to reduce carbon in the meantime than no action be taken at all.,2
139,"@AdamForColorado Hi Adam, modern nuclear energy is a great, safe, low carbon addition to our grid, but I don't see any comments about it on your website or policy positions. I'd encourage you to consider vocally supporting it!",1
140,RT @GovNuclear: Will commercial ships go nuclear in the near future? Interest is growing in using new reactor technologies to scale back th????????Ã¢ÂÂ¬???????,0
141,"@TheGreenParty @carla_denyer Fucking hell, get with the program people. We need zero-carbon energy sources. Wind and Solar are two, but #nuclear is the capstone that will ensure that we can decarbonize further on into the future. @Carla_Denyer is clueless when it comes to our world-wide energy crisis.",2
142,"RT @micsolana: people are mad at the environmentalists for burning oil and coal in place of nuclear, but burning oil and coal releases a lo????????Ã¢ÂÂ¬???????",2
143,"RT @Cecalli_Helper: ""Konno asked Nishimura why the water must be released from #Fukushima. He also expressed concern that they might suffer????????Ã¢ÂÂ¬???????",2
144,"@bagsfan75_Tony Star Wars opens in cinemas
First Apple II computers go on sale
First commercial flight Concord
Elvis Presley Dies at the age of 42
People's Temple Jonestown Suicides
Three Mile Island Nuclear Accident
China institutes the one-child per-family rule
Pink Floyd release ""The Wall""",0
145,@pietpetoors @RussianEmbassy @mod_russia @mfa_russia @BBCWorld @SkyNews @ftworldnews @guardianworld @TelegraphWorld @LBCNews @POLITICOEurope @StatesmanWorld Nato bot! Ukraine blew up dam to cause nuclear accident ! Then blame Russia,0
146,"When does the world shout enough and united to remove Putin and expel the merciless Russ? Will it take a nuclear ""accident."" https://t.co/NGLfX4ltzm",2
147,"@mog7546 buddy Chernobyl was an accident in a nuclear power plant, this is just FYI, and i was wondering also why people don't talk about the crimes the USA did in Afghanistan Yemen Vietnam Serbia and Syria

https://t.co/amPdBbu2hP

https://t.co/xXAbbTgok8",2
148,RT @Silverfox6158: Ukraine are trying to cause a nuclear disaster.  Remember when they shelled the Nuclear facility last year? They accused????????Ã¢ÂÂ¬???????,2
149,"When I wrote MT in 1986, Chernobyl had the largest nuclear accident in history. It was said in Japan to have affected Eastern Europe as well. Nine years later. It might be safe, but it could not be said to be so. https://t.co/qLZohqLhHd",2
150,"RT @ChrisFlaherty8: ""ZNPP????????Ã¢ÂÂ¬???????s power units have been mined by the Russian army ... ahead of the expected counteroffensive, the 'Russians are p????????Ã¢ÂÂ¬???????",0
151,"@RealEdSchwab @Sprinter99880 Oh shut up up you're fooling no one, no one floods their own country putting millions of lives at risk and risking a massive #Nuclear accident you pathetic  #Quisling tool.
Dnipro River #russia #putin #FalseFlag #russianWarcrimes #Kherson #russiaIsLoosing #Himars #Nato https://t.co/eUKJaqi1uh",2
152,"@KarinaVinnikova Well the fart is pretty overrated as we the Dutch have the most cowshit in all of europe because mass production and export. Karina, everyone wants to help. But you cant expect rescuers to come and be shot at. NATO needs to put boots on the ground imo, same as a nuclear accident.",2
153,"RT @celbrice: Here my presentation for our previous @MITATELab'Session, on ""Namie (Fukushima), A model city of post-nuclear accident recons????????Ã¢ÂÂ¬???????",2
154,"RT @UKR_Report: Zaporizhzhia NPP, Europe's largest Nuclear Power Plant, was drawing cooling water from the dam's reservoir while operating????????Ã¢ÂÂ¬???????",0
155,"When a nuclear accident occurs, to avoid the danger zone.",0
156,"@keithamccluske1 @den_kazansky in this way, they will be able to provoke an accident at the Zaporizhzhya nuclear power plant, which will be worse than Chernobyl in terms of scale",2
157,"RT @DecodingTrolls: ??????Apollo's Swan Dodges Ruschist Kakhovka Explosion - Video.

Video: https://t.co/S5nkxYHtXP

If you plant mines in a nu????????Ã¢ÂÂ¬???????",0
158,"@apmassaro3 So the opposite is true: next false flag by Ukraine will be a nuclear ?????? accident. 
????????Ã¢ÂÂ¬???????This people are dumb????????Ã¢ÂÂ¬??????? Q",2
159,"RT @7urz: Imagine if two wind power deaths in the Netherlands had prompted a wind power exit in Australia.

That's the same as the nuclear????????Ã¢ÂÂ¬???????",0
160,"RT @energybants: ZAPORIZHZHIA NUCLEAR: LOSS OF KAKHOVKA DAM

Zaporizhzhia NPP, Europe's largest, draws cooling water from a reservoir whose????????Ã¢ÂÂ¬???????",0
161,World! Please don't forgive war crimes to all Russian nation after end of this war or X years after. Russians is 140 mil of Putins. Most of them support this evil attack. Don't forgive. Especially if Ukraine will be destroyed by an accident at a nuclear plant or by nuc weapons.,2
162,"@tdoyle_4 @GovNuclear What about waster water from nuclear plants, https://t.co/sKlFs9so7k

what if there is an accident. Do you how worse it's gonna be ?",2
163,@100ANB @DefenceU @Liberov The cost of shelling a nuclear power plant is that more than 80% of Ukraine's land is no longer habitable,2
164,"@bigcrispo @CouldBeMistaken @douglasritz @dwallacewells lol okay sure! it's practicable RIGHT NOW, Otis, and cheaper than new coal, oil, and gas installations. that's right, CURRENT tech and cost!

i believe it's competitive with nuclear but trends suggest it will be cheaper soon. sorry for considering the future, i know you hate that",1
165,@Alpharabius870 @RahavBen @AlexEpstein @thecoastguy I did my own research on LCOE. All subsidies are removed when calculating LCOE. Fossil fuels are heavily subsidized. That's why the facts are utility-scale solar and wind are far more economical than fossil fuels and nuclear. https://t.co/eUAhf90Bdw https://t.co/cBV0udpjIF,0
166,"RT @arvv: Here's something that sounds unbelievable ????????Ã¢ÂÂ¬??????? but is true:

India builds nuclear reactors that are CHEAPER THAN SOLAR per unit of e????????Ã¢ÂÂ¬???????",0
167,RT @bruce_kangaroo: @Andrea__Leong @bobjcarr I guess that leave it alone is the point. However I am sure the UK would be interested in payi????????Ã¢ÂÂ¬???????,0
168,"Nuclear abolition is an ENVIRONMENTAL issue:

The entire life cycle of nuclear weapons is toxic, and their production can contaminate land and water for thousands of years. Efforts to clean up sites in poor/rural areas have cost taxpayers billions and remain largely incomplete.",2
169,@BenjiSJones Nuclear power would bring down cost of recycling,0
170,"@LadyJayPersists @malinablue * Pandemic still raging 
*major cost of living crisis 
*  the closest to possible Nuclear conflict we have been in decades 
* Multiple mass shootings targeting children every year.
This guy thinks the greatest problem facing society is.. checks notes... girls liking jeans ????????????????Ã¢ÂÂ¬?????????????",2
171,"Global Zionism and its illegitimate child Israel have cost the US government enormous costs and hardships, including the attack on the Liberty ship, the theft of the Nomak nuclear plant, the assassination of John F. Kennedy, the 9/11 attacks, and so on.
#USSLiberty",2
172,@RahavBen @AlexEpstein @thecoastguy Fossil fuels receive higher subsidies than renewable energy. Fossil fuel shills like Alex Epstein don't tell you that. LCOE calculates cost of energy generation without subsidies. Utility scale solar and wind are far cheaper than fossil fuels or nuclear. https://t.co/gCP0QHlMTs,0
173,"RT @ArmsControlNow: ""G-7 Leaders Confront Human Cost of Nuclear War,"" news analysis of the Hiroshima summit by @DarylGKimball in the June i????????Ã¢ÂÂ¬???????",0
174,"RT @dorfman_p: Hugely over-cost, over-time.

#Nuclear far too late for #climate and #energy crisis.

'Only nuclear plant under construction????????Ã¢ÂÂ¬???????",2
175,@mattjcan Seriously the cost of nuclear power is too inhibitive and your govt did absolutely nothing but prop up your filthy coal mates!,2
176,"@KnightsTempOrg @historyinmemes And how many lives has coal cost the human race?  Nuclear?  Hell, even just the electric grid?  Between lung disease, cave ins, power plant fires and disasters like 7 Mile Island, Chernobyl, and Fukushima... stf down and stfu.",2
177,RT @seanonolennon: Why aren????????Ã¢ÂÂ¬???????t environmentalists shilling nuclear energy? I thought low cost with zero emissions was supposed to be the goal.,0
178,"the destruction of biodiversity not only in the Kakhovka reservoir but also in the surrounding areas.""
A reminder that the war's environmental impact is likely to be severe and long-lasting.
Before this phase of the war began in 2022, I wrote on this topic https://t.co/mO5u8XXOzF",2
179,@Andrea__Leong @bobjcarr I guess that leave it alone is the point. However I am sure the UK would be interested in paying you for it because????????Ã¢ÂÂ¬???????????????Ã¢ÂÂ¬???????https://t.co/xPvU17MHeh,0
180,RT @SocEconB: ??28 billion a year for a Green prosperity plan does not go very far when you include nuclear. Hinckley Point C cost ??33bn. An????????Ã¢ÂÂ¬???????,0
181,"Very sad it cost you money to find out that gas is best fuel for heating, coal &amp; gas for base load if nuclear no available.
Maybe you can convince ppl that Bowen is a dud. https://t.co/Z2oE62z3qq",2
182,@EnergyWrapAU one for each state? they will only cost $2.7 TRILLION plus 10's of billions to store nuclear waste https://t.co/ZVuiAO9BwF,2
183,"@mattjcan even you latest pet - Finland - are spending billions to subsidies the cost of nuclear power and billions to store the waste

It's about your bank account nothing more https://t.co/wjvk3vdZzO",2
184,"RT @dorfman_p: ""Hinkley Point C #nuclear plant, the only one currently under construction in Britain, is facing increasing worries about fu????????Ã¢ÂÂ¬???????",0
185,"@ThruNoiz @AlexEpstein And nuclear is not reliable?  That is the most reliable form of energy.
There are multiple reactors that went years without any shutdown at all.",1
186,"@jimmy_dore @tucker Have you forgotten those same russian forces fiered tanks shells and RPGs into that exact power plant when they captured it?
https://t.co/jvPIv0Ksul

Whatever made you think they care that it is dangerous?

note; the plant is in cold shutdown since september, cooling is no issue.",2
187,@johnsw @KonstantinKisin @TuckerCarlson You should maybe learn a little more about cooling requirements of shutdown nuclear reactor cores.,2
188,"@ZwitterelfZana @KimDotcom They do have more to gain...

They deprive Crimea of water

They deprive occupied territory of water for crops

They put one area of occupied territory in disarray, impacting defenses

They gain talking points in the propaganda blame game 

A potential shutdown of nuclear power",2
189,"@TuckerCarlson the nuclear plant is on cold shutdown, no danger",2
190,"Likely buys 3+ weeks and enables Russians to re-locate to fall back positions

Likely impacts the Canal system feeding into Crimea and several Ag regions in Southern Ukraine

Likely puts stress on the Nuclear Power Plant upstream, but if plant is in Shutdown state????????Ã¢ÂÂ¬??????? https://t.co/WWZNN2tFyz",0
191,@takvera @LisaGershwin Watched we should be very concerned!  https://t.co/lL6BYSiFrv,1
192,"Ukraine Says Shutdown Considered For Zaporizhzhya, Seeks Peacekeepers After UN Watchdog's Report #truecrime #unsolved https://t.co/DXtbzr7kOr",0
193,"@artyomka26 @AlexEpstein Agree on nuclear energy! Unfortunately there is bad reputation and the gas lobby continues to push governments to shutdown nuclear plants (look at Germany to see the perfect example of economical nonsense and the strength of gas lobby)

Nuclear is less scalable deu to????????Ã¢ÂÂ¬??????? https://t.co/6i61WqeZ8r",2
194,"@PhilibertLeslie @dorfman_p @energybants The entire EU is a lot less wealthy due to the misguided shutdown of German nuclear power. Germany's status as an industrial manufacturing country is at stake.

Nuclear is by far the safest form of energy production we have.",2
195,RT @james_acton32: Does anyone have any sense--order of magnitude--of the water needs (lh/hr) of a six-unit nuclear power plant in cold shu????????Ã¢ÂÂ¬???????,0
196,"@TorbenKeil @KonProg Der guardian sagt 5 Reaktoren heruntergefahren und einer im ""hot shutdown"". Scheint mir so ein zwischending zu sein. 
https://t.co/NdX4P2R4Cs",0
197,"@MarkusLandgraf @TerryReintke Shutdown nuclear, cancelled Nord Stream 2 but happy to burn coal (which I've posted about) and accept Russian LNG.",1
198,"@dwallacewells LOL, what dishonest idiocy. As you pollute the world mining for the minerals, fill land fills with expired panels and sit in the dark waiting for sunrise shivering. Energy poverty? Ask Germany about it after the fools shutdown their nuclear power plants.",2
199,@TuckerCarlson Only think I don????????Ã¢ÂÂ¬???????t agree with him here is the fact he????????Ã¢ÂÂ¬???????s not mentioned the reactors were put into cold shutdown so there isn????????Ã¢ÂÂ¬???????t exactly a risk of nuclear disaster. They have been in cold shut down since late 22.,2
